platform	total_postings	data_analyst_jobs	data_scientist_jobs	data_engineer_jobs	business_analyst_jobs	ml_engineer_jobs	cloud_engineer_jobs
LinkedIn	1611	304	536	715	27	26	3
Indeed	779	168	413	176	18	4	0
Upwork	689	15	467	185	1	20	1
ZipRecruiter	471	194	118	110	47	1	1
Get.It	348	239	56	29	23	1	0
Snagajob	257	112	84	53	8	0	0
Dice	113	37	31	43	1	0	1
Built In	77	4	50	23	0	0	0
Robert Half	51	24	3	21	3	0	0
Motion Recruitment	47	10	16	21	0	0	0
Wellfound	44	4	8	22	6	4	0
The Elite Job	38	18	15	2	3	0	0
Jobgether	34	9	18	6	1	0	0
AngelList	29	2	11	10	0	5	1
JobScore	26	5	5	16	0	0	0
Built In NYC	24	7	11	6	0	0	0
Dice.com	21	7	3	10	1	0	0
Built In San Francisco	21	5	9	7	0	0	0
ProActuary	20	6	11	2	1	0	0
Recruit.net	18	8	8	2	0	0	0