platform	posting_count	avg_platform_salary
LinkedIn	6659	143719
Indeed	4767	128903
ZipRecruiter	2180	114314
Dice	1441	113564
Get.It	496	100005
IT JobServe	321	125999
Dice.com	285	136250
JobServe	275	137750
Built In	265	155618
Robert Half	225	120800
Adzuna	196	90923
Talent.com	190	132530
Motion Recruitment	155	148255
Built In NYC	115	159409
ProActuary	100	122812
Recruit.net	82	102508
Wellfound	82	95843
Built In San Francisco	71	170016
Clearance Jobs	57	122250
Hitmarker	56	158807
Karkidi	56	154490
AngelList	45	86615
Jobgether	43	136918
Levels.fyi	43	178750
Built In Chicago	38	155820
EchoJobs	34	155528
Built In LA	31	131458
Built In Colorado	29	147850
Relocation Jobs	29	90000
Built In Austin	24	165854