job_title_short	platform	avg_salary	min_salary	max_salary
Business Analyst	Wellfound	127833	16500	200000
Business Analyst	Jobgether	124500	124500	124500
Business Analyst	ProActuary	114500	114500	114500
Business Analyst	Y Combinator	110000	110000	110000
Business Analyst	Indeed	100866	70000	145000
Cloud Engineer	Levels.fyi	194667	182500	204000
Cloud Engineer	EchoJobs	180000	180000	180000
Cloud Engineer	LinkedIn	130000	120000	140000
Cloud Engineer	AngelList	110000	110000	110000
Cloud Engineer	Best AI Jobs: AI, Machine Learning And Data Science Jobs	100000	100000	100000
Data Analyst	Y Combinator	650000	650000	650000
Data Analyst	Web3 Jobs	138500	138500	138500
Data Analyst	WhiteCrow.co	137000	137000	137000
Data Analyst	Built In San Francisco	132860	112050	152625
Data Analyst	Dice.com	127500	125000	130000
Data Engineer	Hitmarker	251000	251000	251000
Data Engineer	Talent.com	194500	194500	194500
Data Engineer	Web3 Jobs	192500	192500	192500
Data Engineer	Recruit.net	186000	158000	214000
Data Engineer	Built In San Francisco	175580	145000	206000
Data Scientist	ShowbizJobs	212625	212625	212625
Data Scientist	Remotely	200000	200000	200000
Data Scientist	Built In LA	190500	190500	190500
Data Scientist	Levels.fyi	189875	157000	207500
Data Scientist	Edtech.com	186000	186000	186000
Machine Learning Engineer	Levels.fyi	235500	222000	249000
Machine Learning Engineer	LinkedIn	180455	95000	325000
Machine Learning Engineer	Indeed	150106	85000	200000
Machine Learning Engineer	EchoJobs	141000	85000	193000
Machine Learning Engineer	Web3 Jobs	106000	106000	106000